humidity,pressure,clouds,precipitation,temperature,Year,Month,Day,Hour,Minute,Second
26,722,71,0,2,2020,2,24,03,31,56
59,777,73,1,39,2018,8,27,04,28,15
71,768,88,1,22,2016,3,21,10,11,33
21,642,85,0,8,2018,11,30,08,52,05
47,790,20,0,9,2019,10,3,22,10,45
62,744,73,1,8,2014,2,21,22,00,19
34,654,78,0,-3,2001,10,24,06,07,03
41,695,51,0,4,2013,9,10,16,56,10
53,726,79,1,-20,2014,9,9,16,53,03
49,723,96,1,5,2008,10,31,22,24,46
54,758,79,1,-16,2013,12,8,20,48,40
41,743,79,1,30,2019,8,18,20,09,31
62,756,92,1,6,2021,11,13,17,51,05
73,685,41,0,-19,2001,10,29,03,08,07
47,675,96,1,-11,2015,10,20,18,45,40
28,690,75,1,22,2012,8,13,07,27,17
39,683,86,1,-1,2005,1,23,00,29,16
54,791,29,0,0,2008,11,8,10,28,55
37,788,68,0,4,2015,3,7,23,33,56
37,632,13,0,-17,2002,10,16,19,39,07
51,701,15,0,21,2007,6,16,16,51,31
27,699,97,1,37,2014,8,27,09,09,09
27,749,97,1,-19,2000,11,15,23,16,44
37,738,76,1,2,2021,5,31,20,35,18
49,755,4,0,7,2002,8,23,22,07,03
20,730,6,0,19,2008,4,4,11,40,23
62,670,37,0,27,2012,6,26,00,45,07
52,634,74,1,-29,2022,1,29,05,11,06
58,670,79,0,24,2012,4,6,21,21,30
47,641,89,1,-7,2009,3,31,19,15,09
52,772,76,1,5,2020,11,21,02,11,53
64,675,11,0,8,2006,12,29,12,11,31
20,676,93,0,-4,2000,5,25,16,26,46
50,624,37,0,-29,2008,1,19,17,59,06
42,636,10,0,-1,2007,9,9,02,48,46
22,719,86,1,33,2001,7,4,22,56,39
79,709,75,0,-8,2007,3,26,10,03,18
63,797,77,0,-23,2010,2,10,23,36,56
29,791,81,1,0,2016,7,3,20,58,38
34,685,3,0,-5,2001,11,1,21,21,00
79,632,76,0,30,2007,6,17,07,01,30
29,636,62,0,-17,2016,1,10,01,20,54
67,626,81,1,14,2003,8,14,02,37,57
60,751,86,1,0,2015,9,23,14,45,33
64,749,13,0,8,2007,8,20,00,27,27
27,679,28,0,9,2001,2,16,12,26,40
39,707,89,1,33,2017,7,27,06,39,57
44,663,82,0,14,2000,5,14,05,04,57
62,635,77,0,17,2005,7,7,14,57,27
72,691,17,0,10,2020,11,23,00,57,29
37,715,85,0,5,2019,2,2,13,05,43
30,699,70,1,4,2007,3,2,06,52,43
55,651,84,1,35,2016,7,18,12,29,55
73,620,42,0,6,2014,1,18,15,04,11
52,759,29,0,2,2013,9,11,02,25,19
51,708,92,1,26,2020,7,31,19,59,46
80,632,25,0,16,2018,8,12,13,38,07
57,700,95,1,9,2005,8,17,05,41,10
21,714,85,1,11,2017,7,28,23,15,05
29,763,93,1,2,2013,3,31,22,39,44
45,702,55,0,23,2000,5,29,23,20,04
54,620,96,1,-8,2021,2,4,09,26,07
49,670,83,1,1,2022,8,18,17,39,45
52,746,36,0,-12,2019,12,28,05,02,00
55,706,68,0,-9,2018,5,13,05,08,37
43,657,75,1,-19,2019,2,3,18,45,51
70,628,100,1,12,2018,3,3,02,13,17
72,656,79,0,4,2019,4,6,15,00,52
62,632,80,1,12,2004,6,17,18,21,23
23,725,29,0,1,2010,12,1,16,18,31
75,747,89,1,6,2003,11,20,12,44,09
46,724,70,1,10,2009,8,28,06,18,26
55,736,79,1,-14,2005,9,8,09,58,07
41,683,39,0,-19,2005,2,7,22,10,14
40,634,86,1,-7,2022,12,9,00,12,15
51,775,94,1,-9,2019,2,1,20,34,49
77,691,41,0,16,2017,3,2,14,53,30
63,647,24,0,3,2006,9,29,04,34,56
37,648,79,1,30,2018,6,5,17,40,42
69,694,93,1,-4,2002,9,23,01,05,54
39,695,77,1,0,2013,6,28,02,43,02
78,730,90,1,-4,2011,5,7,05,13,24
41,682,16,0,-6,2001,2,3,06,35,02
76,762,85,1,6,2010,12,23,16,42,08
62,687,14,0,0,2018,11,16,02,54,53
56,744,94,1,-8,2001,10,5,00,57,34
47,799,99,0,-8,2014,3,16,15,07,17
76,622,98,1,-25,2022,2,20,19,49,56
21,749,88,1,-14,2003,11,16,02,38,20
28,761,8,0,5,2020,8,7,20,43,07
73,697,3,0,14,2000,4,9,14,47,49
36,650,71,1,-2,2013,9,16,03,59,58
26,742,93,1,22,2010,4,13,23,30,28
79,621,88,1,-7,2004,1,20,13,24,55
38,736,82,0,-1,2008,3,7,12,30,09
62,670,87,1,13,2013,4,30,14,38,05
40,702,44,0,-10,2014,11,3,12,19,46
34,651,86,1,8,2021,4,4,13,41,47
50,709,13,0,26,2019,8,17,04,14,42
65,703,68,0,-30,2005,2,21,05,23,35
27,705,15,0,-19,2003,11,10,02,11,20
49,784,98,1,-7,2002,9,14,20,34,03
49,726,47,0,6,2002,2,9,19,23,35
67,781,78,1,32,2019,7,7,04,13,51
58,747,99,1,-17,2019,9,7,09,50,41
60,720,96,1,27,2019,7,11,04,03,39
21,725,99,0,23,2015,4,13,09,59,13
77,766,95,1,21,2006,7,15,19,41,05
24,731,25,0,-22,2020,1,28,19,31,11
24,669,81,1,-9,2009,2,16,13,09,04
73,792,73,1,-10,2013,9,15,07,09,33
31,780,15,0,9,2019,8,5,18,58,05
73,656,96,1,-20,2016,2,3,20,18,50
36,688,100,1,-6,2001,2,19,11,51,07
44,709,74,1,13,2007,3,18,12,40,02
27,786,83,0,1,2014,5,19,23,45,33
39,652,45,0,21,2004,3,22,16,52,58
32,658,79,1,19,2012,7,18,10,29,49
43,680,47,0,-2,2022,9,11,16,49,56
55,733,91,1,-6,2018,5,12,05,06,23
32,726,84,1,40,2019,7,16,18,29,05
56,760,28,0,-24,2012,12,26,03,28,54
53,691,89,1,10,2009,2,27,20,00,00
49,686,87,1,6,2023,5,28,17,35,11
40,629,23,0,4,2019,8,8,05,50,42
35,624,25,0,23,2001,7,4,00,28,28
20,788,4,0,2,2019,5,30,10,25,20
26,771,76,1,4,2005,9,6,06,34,52
51,646,98,1,25,2019,4,27,23,34,43
73,631,83,0,32,2008,6,24,04,55,05
22,751,86,0,-11,2006,9,3,18,02,11
80,758,75,0,11,2014,3,11,12,09,38
50,688,36,0,-16,2004,1,4,07,48,31
54,719,83,0,18,2001,3,9,00,08,28
69,670,44,0,-9,2015,10,21,12,57,52
79,753,94,1,25,2008,7,16,00,01,50
56,752,85,1,19,2020,3,25,09,27,04
33,793,50,0,-12,2022,9,15,06,21,05
24,722,70,1,1,2022,11,23,21,15,07
41,756,93,1,11,2017,4,28,16,26,27
80,622,77,1,-10,2018,11,18,23,41,17
75,744,81,1,2,2015,2,11,13,42,48
68,681,61,0,-7,2004,9,7,19,30,19
63,743,98,1,8,2014,1,20,15,01,39
36,645,34,0,-9,2004,5,20,08,43,13
32,650,11,0,-7,2021,10,30,08,12,31
60,627,42,0,-7,2009,12,6,12,02,02
45,668,76,1,11,2017,8,19,09,35,09
76,641,75,1,5,2012,1,6,20,39,50
39,722,82,0,-12,2003,1,31,11,47,22
60,730,92,1,-6,2004,1,5,00,13,47
30,631,86,1,23,2009,3,9,13,50,24
34,694,22,0,6,2003,6,5,13,46,30
69,637,59,0,28,2005,8,14,13,07,34
50,680,74,1,3,2005,9,30,07,37,02
39,721,30,0,-3,2003,10,1,18,58,58
50,709,84,1,-30,2003,1,23,10,32,36
56,682,85,1,-4,2020,11,2,22,33,49
39,758,96,1,30,2011,7,28,14,57,08
67,671,52,0,39,2022,8,19,11,56,35
64,773,23,0,40,2001,6,23,16,40,55
73,773,23,0,25,2019,5,2,10,17,42
37,673,21,0,16,2016,4,17,17,47,17
64,706,42,0,9,2006,1,28,11,34,13
72,772,96,1,35,2006,8,5,18,27,38
50,741,35,0,7,2015,3,10,03,05,36
22,751,80,1,3,2012,8,12,19,42,11
21,659,100,1,-8,2003,12,25,09,12,02
31,756,85,0,-5,2020,10,14,16,19,53
31,748,98,1,22,2007,3,19,16,33,43
20,653,65,0,22,2022,4,28,03,40,17
78,682,33,0,-16,2014,11,27,23,48,03
68,772,94,1,-15,2013,1,4,22,22,40
72,643,81,1,-19,2000,10,1,18,17,45
67,697,66,0,21,2014,5,23,19,25,03
63,680,100,1,-1,2014,9,14,08,24,09
56,648,93,1,-20,2006,1,10,10,52,07
35,648,94,1,-18,2009,11,12,10,41,29
74,718,73,1,-5,2017,4,9,11,10,03
52,770,93,1,9,2011,3,10,05,18,13
68,777,74,1,11,2019,5,31,03,25,08
52,646,80,1,-7,2009,12,25,01,18,44
29,683,92,1,4,2018,2,5,19,36,43
28,638,72,1,4,2022,12,6,10,35,12
23,780,73,1,-10,2020,11,28,21,15,59
31,696,4,0,-4,2013,3,18,12,36,27
74,737,70,1,-1,2004,12,20,00,12,18
68,782,18,0,-7,2003,11,29,13,32,30
66,726,26,0,5,2009,1,1,13,04,39
61,700,71,0,3,2001,11,12,15,06,24
44,741,20,0,-5,2006,11,4,18,34,24
63,768,81,1,3,2012,1,3,18,10,17
41,628,99,1,9,2008,11,24,09,09,04
20,725,96,1,-9,2022,5,21,19,30,50
80,782,75,0,34,2016,8,15,17,25,48
70,779,94,0,13,2004,5,19,21,57,23
23,773,82,1,-17,2006,1,20,11,01,46
60,659,73,1,36,2020,7,16,10,17,56
35,745,64,0,-16,2018,1,13,19,03,35
33,789,6,0,17,2011,7,27,10,54,14
62,725,97,1,16,2022,3,9,05,49,51
56,638,98,1,2,2008,9,10,23,00,14
32,751,99,1,-1,2003,12,21,09,23,48
42,738,73,1,17,2004,7,14,19,15,04
34,640,95,0,14,2006,7,2,16,01,40
49,684,97,1,10,2009,11,7,03,16,17
22,650,72,1,11,2000,8,6,21,38,47
44,633,90,1,23,2001,5,25,00,26,14
65,679,98,1,-4,2020,10,31,16,48,46
76,654,94,1,2,2015,1,27,15,17,11
73,784,99,0,-6,2013,9,14,13,58,28
65,634,4,0,3,2009,3,21,13,50,26
75,711,25,0,22,2008,7,31,14,32,02
51,683,33,0,-10,2016,5,25,07,28,55
67,658,79,1,-9,2008,2,9,04,56,15
34,743,74,1,-17,2005,1,4,23,21,32
30,668,82,1,-5,2000,12,16,05,43,33
35,789,95,1,-12,2004,10,27,14,17,05
25,754,31,0,-24,2012,2,5,18,38,28
43,713,3,0,-6,2009,10,31,18,46,29
72,636,19,0,-6,2002,4,10,10,10,14
51,667,89,1,-20,2001,2,13,15,17,35
20,699,33,0,8,2003,9,11,16,05,08
66,790,76,0,-6,2008,1,3,13,38,46
34,733,81,1,-20,2019,9,12,03,02,11
64,761,82,1,14,2014,4,9,05,04,26
70,739,48,0,5,2012,11,3,22,46,29
28,799,0,0,-5,2023,4,10,20,59,27
77,733,80,0,2,2022,3,2,01,19,54
53,646,88,0,1,2005,8,18,14,15,07
45,743,5,0,-11,2002,12,22,23,47,11
39,673,87,1,-4,2016,5,5,05,12,06
74,713,71,1,-10,2019,12,31,01,26,49
73,774,50,0,35,2017,7,18,13,19,17
59,658,85,1,0,2020,11,4,00,08,37
53,796,80,1,4,2009,4,14,13,28,54
55,671,62,0,9,2001,1,1,16,58,11
45,709,98,1,-16,2018,1,16,22,40,34
25,679,98,0,10,2019,2,21,07,17,16
67,715,91,1,14,2010,5,31,20,17,45
77,778,91,1,-19,2005,1,30,05,22,42
32,704,25,0,8,2021,8,4,12,21,16
50,720,90,1,-8,2013,1,16,21,32,45
38,649,83,1,-20,2008,9,7,21,03,54
21,735,80,1,6,2001,5,13,14,15,47
29,752,57,0,-13,2021,10,21,20,19,51
39,640,79,1,8,2021,3,1,16,55,04
52,756,88,1,38,2006,6,4,01,21,17
57,715,100,0,-7,2011,3,24,03,05,45
46,783,100,1,-11,2006,12,4,00,22,59
66,741,76,1,-2,2019,12,21,17,36,56
34,665,61,0,4,2003,5,1,13,05,52
76,654,76,1,-8,2017,11,26,02,49,07
33,630,3,0,-11,2015,10,12,15,48,31
28,637,47,0,-3,2017,9,24,17,42,36
38,679,52,0,1,2007,5,24,07,32,45
42,680,76,0,-23,2003,1,14,22,19,39
55,736,76,1,38,2010,7,15,21,37,37
26,712,56,0,-2,2000,5,23,05,23,11
57,770,23,0,24,2016,4,6,15,58,40
22,658,34,0,-4,2009,9,24,12,18,38
56,701,58,0,1,2017,8,29,15,00,29
39,790,6,0,17,2010,8,30,18,49,54
74,708,0,0,27,2018,6,12,20,28,27
69,720,5,0,-10,2004,10,9,00,28,47
39,690,76,1,17,2006,8,9,09,28,46
75,634,84,1,-17,2006,10,28,16,55,41
22,755,7,0,1,2021,1,28,13,13,22
64,797,85,1,25,2018,5,3,06,30,15
70,785,91,1,-19,2002,10,14,22,18,18
70,759,66,0,19,2009,5,11,18,45,26
53,643,99,1,-18,2004,11,30,09,04,40
33,648,81,1,14,2013,8,23,02,44,02
67,789,37,0,-14,2010,2,1,11,23,11
55,782,79,0,-25,2006,2,17,20,55,01
40,665,89,1,-20,2014,2,6,02,44,06
51,638,72,1,-14,2016,11,30,22,27,40
65,723,37,0,-19,2000,10,7,16,50,39
45,695,77,1,-13,2006,11,4,14,52,56
80,669,77,1,33,2011,6,7,15,58,50
71,788,77,0,14,2013,7,28,20,38,48
20,676,96,1,-6,2020,2,28,03,03,48
69,772,94,1,6,2009,4,22,18,11,51
78,718,61,0,-10,2003,2,15,19,14,16
36,707,25,0,10,2013,10,1,20,04,06
80,764,99,1,-3,2015,3,11,03,55,02
56,755,78,1,-13,2016,12,4,05,26,27
65,772,81,0,-9,2000,4,3,20,39,45
56,771,46,0,13,2005,6,26,22,31,14
58,756,84,0,15,2022,4,22,15,40,43
74,760,56,0,6,2006,4,12,20,47,48
21,776,36,0,-10,2022,1,18,06,27,28
49,721,38,0,39,2011,7,26,05,55,58
64,742,85,0,-19,2016,1,7,01,25,13
57,755,99,1,7,2007,9,21,23,19,50
77,742,64,0,-24,2018,12,10,20,32,21
28,651,58,0,-12,2009,10,9,03,11,20
30,784,80,1,10,2007,7,30,02,34,19
80,748,98,1,35,2014,8,13,11,54,23
68,761,99,1,9,2009,12,29,17,27,28
64,634,88,1,11,2010,4,18,00,36,47
23,636,6,0,2,2001,10,29,23,40,20
33,652,5,0,-27,2004,2,27,07,34,34
60,636,92,1,-3,2002,3,14,07,14,57
38,778,19,0,0,2009,6,16,01,04,20
68,799,100,1,24,2006,6,5,03,57,11
31,723,39,0,0,2005,7,21,00,52,15
59,765,74,1,-20,2001,1,25,14,55,11
58,758,89,1,-15,2015,1,27,05,10,07
25,771,17,0,-7,2004,4,24,04,47,38
28,716,74,0,21,2009,8,29,23,31,45
48,752,99,1,34,2014,8,22,04,57,32
76,624,71,1,-12,2003,9,24,00,59,30
64,628,100,1,37,2013,8,7,21,54,52
68,784,66,0,4,2015,3,6,06,47,43
20,777,29,0,6,2021,7,8,12,21,39
29,700,47,0,18,2015,4,22,11,56,46
26,732,72,1,-1,2003,4,13,20,27,54
37,787,5,0,-20,2008,9,2,10,20,53
59,799,35,0,20,2009,6,7,06,04,25
67,705,84,1,3,2001,7,2,22,05,30
58,713,86,1,16,2015,5,10,21,25,06
52,737,68,0,-3,2023,2,8,16,38,56
50,637,13,0,-6,2022,9,22,03,52,43
34,758,92,1,33,2016,7,25,13,44,59
78,780,98,1,-1,2021,3,13,19,01,52
76,738,56,0,6,2005,8,15,21,47,53
63,635,48,0,21,2006,3,23,11,01,19
75,792,76,0,2,2001,10,16,16,43,39
55,683,87,0,7,2020,5,23,17,35,55
61,708,56,0,30,2001,7,27,08,10,01
32,665,71,1,4,2001,3,21,06,20,09
77,683,70,1,-3,2014,5,27,12,16,14
23,732,31,0,-16,2015,12,5,00,58,40
60,781,72,1,33,2013,6,30,03,59,56
80,799,74,1,0,2018,7,4,18,11,29
45,721,76,1,10,2015,3,23,09,12,18
53,733,71,1,1,2011,6,29,12,14,54
65,651,93,1,-3,2005,11,18,05,34,31
61,736,96,1,23,2010,5,9,03,14,21
27,650,62,0,8,2017,9,21,07,08,22
36,756,81,1,0,2016,6,18,08,17,38
24,796,83,1,-4,2001,11,30,02,25,17
49,703,86,0,-7,2012,2,13,00,58,53
25,748,87,1,19,2015,6,30,09,52,56
45,717,72,1,-27,2009,1,29,04,01,12
27,718,90,1,10,2003,12,5,14,32,25
29,765,88,1,0,2008,7,7,09,09,03
49,789,63,0,6,2021,2,25,05,23,13
54,622,77,1,36,2007,6,1,01,21,53
23,636,96,1,-18,2022,11,1,23,18,29
32,725,88,1,-8,2018,11,4,03,16,59
73,630,80,1,3,2017,8,10,07,00,39
60,705,5,0,16,2020,6,17,06,43,59
76,754,74,0,-7,2010,12,28,09,40,26
26,711,97,1,12,2021,4,11,21,19,06
73,711,34,0,-2,2009,10,30,23,09,05
31,740,98,1,22,2020,8,9,18,13,14
48,676,47,0,36,2016,8,23,15,46,00
76,662,89,1,-18,2005,2,14,23,26,52
53,707,81,1,9,2020,12,17,12,15,05
67,761,24,0,-8,2018,5,26,22,19,14
55,750,83,1,-27,2020,2,24,05,28,47
32,629,74,1,37,2003,6,11,08,13,14
70,797,36,0,14,2010,8,7,23,49,57
21,651,92,1,-3,2014,9,24,08,14,40
73,728,51,0,30,2011,8,12,06,05,14
72,703,27,0,-10,2018,5,22,10,49,54
55,657,81,0,5,2018,7,20,21,00,16
52,684,17,0,9,2010,7,22,20,39,51
46,786,87,1,-20,2005,10,31,11,40,22
69,632,52,0,-2,2021,4,23,03,14,10
68,632,27,0,4,2023,4,11,05,34,06
40,622,64,0,3,2005,4,8,01,06,53
69,712,100,0,9,2010,6,17,17,02,20
31,753,86,1,26,2001,7,19,21,44,11
66,659,75,1,-28,2007,1,29,04,21,06
54,626,21,0,16,2019,8,20,16,41,55
78,715,28,0,-19,2000,11,8,12,14,54
75,748,83,0,30,2009,6,28,02,22,14
54,718,2,0,-6,2010,1,14,23,24,52
44,751,17,0,27,2013,7,29,12,06,06
36,723,74,1,23,2013,5,14,18,48,13
60,675,62,0,-20,2018,10,22,01,27,50
24,792,75,0,16,2022,6,22,12,53,36
59,743,38,0,-17,2017,10,7,23,43,47
23,635,44,0,-19,2023,1,18,06,12,58
29,623,67,0,22,2002,5,29,01,56,06
40,754,44,0,-4,2004,3,25,00,36,15
39,785,22,0,22,2001,3,10,20,11,31
41,783,71,1,1,2001,10,25,09,07,21
32,724,26,0,12,2022,7,1,18,47,35
75,706,85,1,8,2015,5,26,23,00,04
54,762,4,0,-1,2008,9,12,00,11,05
53,676,98,1,-9,2016,11,20,02,37,23
78,766,85,0,-3,2014,5,4,22,23,28
45,645,45,0,16,2013,6,20,12,04,18
25,664,94,0,2,2016,3,6,13,47,01
49,722,14,0,-4,2002,10,3,14,48,49
52,734,88,1,26,2016,7,21,18,28,38
59,621,73,0,-12,2003,9,1,19,09,52
64,621,76,1,-27,2014,12,10,12,14,57
38,661,93,0,37,2006,7,29,21,33,07
65,732,6,0,8,2016,10,29,11,15,38
36,729,23,0,1,2008,6,27,08,46,44
25,676,98,0,8,2013,10,7,17,16,45
64,630,89,1,-30,2000,12,15,14,44,00
35,759,82,1,6,2000,11,11,08,51,41
71,712,98,1,-9,2015,1,28,18,02,31
24,743,7,0,5,2011,6,10,00,42,45
79,739,66,0,-6,2005,10,23,23,46,43
72,769,29,0,1,2018,3,30,07,51,48
21,798,74,1,-21,2000,2,20,06,54,14
51,799,41,0,-10,2012,10,29,12,23,06
20,739,90,1,20,2008,7,23,18,46,04
53,681,70,1,40,2018,6,7,15,11,04
80,628,2,0,17,2017,7,21,10,26,10
71,719,78,1,28,2005,7,23,15,14,21
61,658,85,1,-4,2003,10,9,05,28,59
64,739,55,0,-12,2004,9,16,18,50,13
29,644,68,0,-6,2012,12,2,05,37,24
71,709,13,0,12,2016,7,6,02,03,52
30,621,90,1,20,2012,8,8,23,10,08
74,652,88,0,24,2012,7,8,08,41,08
38,653,67,0,0,2006,11,19,12,13,06
24,651,82,1,9,2004,9,19,06,34,01
41,634,2,0,2,2017,1,17,00,47,19
22,787,89,0,6,2013,10,1,08,41,47
46,728,10,0,1,2018,7,18,07,01,48
65,726,100,0,29,2001,6,14,12,48,39
43,677,99,0,-10,2010,9,12,23,02,23
35,799,91,1,10,2007,5,27,13,36,55
68,709,57,0,6,2000,11,15,16,38,50
73,672,32,0,-8,2015,10,8,17,02,39
64,706,100,1,3,2001,12,30,09,40,21
77,776,73,1,-19,2011,10,17,20,20,19
31,767,100,1,-11,2017,12,15,22,47,56
77,721,81,1,-19,2000,1,29,22,11,26
80,784,28,0,1,2019,4,15,01,33,38
32,679,91,1,25,2006,8,7,00,33,13
71,659,84,1,-17,2003,10,9,01,35,17
62,689,82,1,15,2021,5,16,21,41,39
36,692,72,1,33,2011,8,20,08,57,23
58,647,65,0,-7,2023,2,21,10,27,24
34,640,98,1,-3,2000,1,25,09,35,48
64,671,38,0,-30,2023,2,17,09,20,25
27,650,91,0,26,2015,7,14,19,25,01
43,663,98,1,8,2010,12,1,06,44,41
26,686,82,0,4,2010,8,7,10,26,10
35,698,96,1,-10,2016,5,11,14,40,09
71,625,76,0,-13,2000,12,6,06,49,34
79,632,53,0,-6,2007,4,26,06,35,18
30,620,93,0,10,2007,3,6,07,14,15
41,683,40,0,7,2017,4,16,21,45,49
62,651,74,1,-5,2010,1,15,17,01,02
49,674,77,1,4,2019,8,16,13,18,45
22,713,90,1,-5,2023,2,17,12,55,23
59,798,96,1,33,2021,8,18,12,35,31
39,749,62,0,31,2019,8,6,07,11,16
30,704,78,1,14,2000,3,1,20,21,22
72,688,96,1,-12,2009,12,8,12,28,11
66,626,38,0,24,2016,7,6,21,42,08
56,666,78,0,22,2013,6,23,11,50,08
47,624,87,1,11,2007,6,21,09,51,54
24,677,69,0,4,2005,2,8,08,56,27
55,745,19,0,34,2017,7,4,15,11,51
26,686,86,0,34,2008,6,29,07,20,39
76,791,79,1,36,2003,6,2,10,48,49
20,712,74,1,35,2018,7,4,00,01,36
58,717,84,1,11,2006,4,5,03,46,50
45,621,43,0,9,2016,2,13,23,54,30
29,640,30,0,-5,2009,4,24,09,33,48
58,653,58,0,39,2022,6,19,12,39,33
44,755,97,1,15,2008,3,8,06,55,50
52,694,93,1,-11,2003,9,15,01,08,32
26,622,49,0,28,2022,8,6,11,25,51
28,756,62,0,-5,2007,5,26,11,39,04
60,778,87,1,31,2012,7,9,23,02,30
55,752,74,0,-13,2005,11,8,22,33,51
46,674,13,0,-6,2003,4,28,03,22,21
29,699,27,0,26,2010,8,3,19,40,06
74,736,74,0,6,2001,5,3,10,24,10
33,762,76,1,2,2005,11,21,08,31,59
51,673,82,0,17,2016,3,16,04,27,33
24,638,81,0,-17,2004,9,25,19,00,52
71,755,12,0,-28,2000,2,11,12,14,41
23,744,79,1,4,2015,1,10,16,44,58
52,796,99,1,10,2006,10,31,20,15,13
36,748,78,1,-14,2012,1,21,20,28,07
48,729,88,1,28,2016,6,5,01,33,51
72,714,91,0,19,2021,3,24,10,21,50
58,705,21,0,-6,2009,3,31,20,24,19
24,685,71,1,20,2015,3,31,19,17,28
64,669,96,0,-7,2008,2,20,22,19,34
46,686,46,0,2,2004,11,29,17,54,04
67,676,80,0,32,2020,6,2,17,20,00
80,759,70,0,11,2008,7,2,05,35,12
21,623,99,0,12,2020,4,29,20,04,41
31,766,18,0,25,2010,3,27,06,06,19
69,772,74,1,-14,2001,12,19,16,03,01
37,709,80,1,1,2012,9,11,15,37,46
47,687,19,0,-4,2022,10,1,21,11,56
54,628,80,1,32,2017,8,7,02,26,38
55,787,26,0,24,2013,6,27,05,55,00
23,682,59,0,0,2021,12,9,00,24,26
50,713,26,0,12,2008,8,9,06,19,05
68,637,43,0,1,2000,6,21,15,24,42
71,622,23,0,14,2023,5,7,14,44,21
74,705,76,1,7,2013,10,31,09,47,34
51,653,39,0,-17,2011,9,26,08,45,16
37,717,89,1,-6,2010,2,12,14,24,05
26,690,84,0,9,2000,10,17,13,05,20
47,710,89,1,-20,2006,11,2,11,18,01
59,769,79,1,40,2013,7,16,01,23,18
27,662,78,0,30,2021,6,2,18,18,50
27,724,49,0,-20,2007,11,10,13,01,49
25,790,47,0,-9,2006,3,5,18,18,36
75,660,22,0,-12,2021,10,19,01,06,51
57,704,59,0,-9,2012,3,17,15,38,41
80,659,70,1,-1,2017,10,16,23,23,00
79,730,94,0,-1,2022,3,3,05,51,54
54,697,2,0,8,2002,9,20,20,47,03
75,721,86,1,-20,2022,10,15,00,33,45
70,621,78,1,14,2011,6,15,16,48,03
62,703,87,0,6,2008,11,24,19,58,55
51,748,11,0,-11,2012,12,17,10,37,26
25,767,78,1,3,2019,2,22,09,14,32
45,794,86,1,2,2009,12,26,11,03,40
63,644,74,0,-8,2015,2,28,14,42,11
39,652,84,1,38,2017,7,2,20,52,13
39,795,98,1,34,2015,7,31,13,42,56
71,785,98,1,2,2008,5,1,11,53,29
30,792,97,1,23,2008,8,8,22,00,35
24,646,82,1,23,2000,4,6,14,26,15
51,791,75,0,-9,2006,5,5,13,34,14
66,656,81,0,3,2015,1,16,19,05,37
51,699,2,0,-15,2013,11,4,00,44,16
58,679,81,1,32,2014,7,29,05,38,44
77,748,40,0,-3,2005,3,28,03,14,00
57,716,11,0,-16,2014,10,19,10,30,46
32,776,64,0,29,2008,7,11,06,15,20
45,638,92,0,6,2012,6,28,00,11,41
39,776,82,1,-17,2017,11,25,03,06,01
43,689,16,0,9,2006,2,28,20,53,28
50,688,4,0,3,2013,5,28,17,33,23
74,669,81,0,-6,2018,2,22,23,00,43
32,685,85,0,-5,2012,3,2,00,36,16
77,694,90,1,8,2016,11,2,23,07,46
32,684,98,1,-9,2008,1,19,02,54,43
48,647,88,1,14,2012,4,4,06,46,00
79,752,84,0,29,2018,6,19,03,12,25
44,702,78,0,-8,2008,1,24,05,59,13
50,758,42,0,36,2008,7,1,16,24,28
44,759,94,1,-8,2008,4,16,16,04,18
58,656,94,0,11,2003,8,22,17,54,59
76,764,77,1,11,2003,3,30,04,41,15
74,747,42,0,40,2005,8,30,12,27,51
76,678,87,1,-10,2006,12,20,13,46,00
72,787,79,1,8,2017,12,8,15,42,26
68,772,67,0,8,2016,4,6,17,54,47
29,704,13,0,-24,2020,1,26,14,44,35
49,685,36,0,15,2013,5,20,07,06,49
66,739,78,0,32,2018,6,14,20,49,07
58,672,34,0,-17,2001,9,20,13,36,36
45,682,83,1,18,2021,3,22,04,00,17
42,701,13,0,29,2002,8,22,09,08,45
63,708,93,1,0,2003,11,18,02,24,48
36,659,82,1,-1,2021,1,18,19,13,16
58,761,41,0,-1,2010,12,13,09,10,35
53,651,81,0,-1,2023,5,9,13,02,09
31,739,12,0,14,2007,4,13,18,40,05
52,713,81,1,-5,2006,1,3,04,41,23
40,723,75,0,-18,2014,1,19,08,35,58
57,773,25,0,-2,2021,10,3,20,41,04
77,683,89,1,-8,2009,5,3,22,23,14
24,695,33,0,-8,2012,10,24,08,39,21
74,714,91,1,-6,2000,5,24,06,06,42
41,768,0,0,-15,2014,2,6,23,12,59
56,719,61,0,14,2016,8,1,08,16,17
58,759,91,0,9,2013,4,28,05,07,11
27,677,70,1,23,2000,4,7,21,56,56
37,708,87,0,0,2011,6,29,07,21,34
35,725,84,1,-1,2000,5,4,08,03,46
20,622,76,1,7,2013,9,18,04,49,17
20,621,53,0,-13,2002,10,9,19,33,54
38,711,83,1,3,2008,4,3,21,26,43
68,681,30,0,28,2016,7,10,16,32,28
26,749,71,1,-1,2013,10,6,07,06,20
25,691,100,1,7,2012,10,10,19,21,30
35,775,100,1,-4,2006,4,19,20,52,06
20,711,61,0,2,2009,12,17,01,14,05
25,685,81,1,2,2001,12,28,02,36,23
46,693,65,0,7,2004,9,9,18,19,52
26,640,76,1,-15,2010,12,25,15,53,15
29,711,80,1,-22,2022,2,9,16,13,26
36,625,77,1,10,2005,3,10,08,47,41
33,741,71,1,1,2000,3,18,14,15,49
20,682,84,1,4,2007,6,12,07,01,22
36,763,32,0,24,2002,5,16,09,09,29
33,726,86,1,-14,2008,9,24,15,20,21
71,649,3,0,-11,2009,2,2,14,12,59
38,772,74,1,9,2017,2,9,23,24,08
67,685,52,0,-5,2016,3,12,10,13,58
25,661,41,0,8,2020,5,10,14,28,25
77,676,84,1,-5,2008,4,8,07,47,46
80,697,97,1,-1,2002,1,24,09,48,55
67,768,81,1,1,2013,11,21,05,38,14
72,656,100,1,30,2016,6,11,22,05,53
61,774,72,0,-1,2020,10,23,10,59,53
48,645,92,1,0,2008,9,18,08,40,13
50,760,61,0,-8,2009,11,4,16,03,18
48,635,56,0,7,2018,3,22,21,10,28
48,626,50,0,-6,2010,11,9,00,53,02
57,717,29,0,-7,2012,12,13,20,51,29
41,681,35,0,15,2002,8,23,08,55,36
24,698,63,0,-3,2010,1,2,02,23,51
71,724,73,0,14,2016,3,5,12,18,15
78,639,63,0,-29,2001,1,14,01,00,23
48,684,80,1,8,2001,4,9,02,21,15
43,800,54,0,-9,2015,9,9,06,05,45
58,737,73,1,1,2007,10,9,18,58,01
26,786,80,1,14,2011,6,20,16,29,37
73,650,96,1,-8,2012,11,3,07,55,50
58,702,76,0,-6,2002,10,29,13,40,01
64,743,88,0,3,2004,9,9,23,58,59
75,736,85,1,30,2011,8,11,04,42,14
78,638,94,1,19,2009,5,9,23,13,38
46,657,15,0,-2,2008,12,17,09,53,49
60,799,90,0,-20,2007,10,3,12,57,06
32,705,12,0,16,2006,5,31,23,40,50
77,761,96,1,19,2003,6,10,17,50,55
40,690,30,0,-12,2011,10,5,07,53,37
50,788,73,1,-12,2019,2,11,22,56,48
75,689,76,1,-15,2015,10,25,04,09,25
47,640,78,0,-2,2008,9,19,17,34,03
69,698,62,0,37,2017,7,14,23,24,19
77,726,100,1,8,2020,1,29,12,53,04
67,641,76,1,25,2021,6,15,00,31,38
75,679,46,0,-9,2015,4,3,22,49,18
72,640,96,1,2,2019,6,24,10,53,55
75,773,23,0,21,2010,3,13,14,26,12
37,753,91,1,-10,2012,4,27,03,33,32
65,635,92,0,3,2013,3,16,06,38,42
78,751,68,0,20,2004,4,24,03,38,47
21,716,65,0,-16,2012,12,19,05,59,51
77,717,60,0,-10,2011,5,9,23,20,44
63,720,19,0,13,2004,7,27,04,10,52
32,792,47,0,17,2007,4,24,13,26,51
49,623,93,0,-13,2001,9,2,03,49,45
35,731,73,1,6,2007,12,2,06,40,52
36,648,13,0,38,2011,8,26,19,44,48
37,697,90,1,22,2000,8,11,20,47,53
54,682,99,0,4,2008,7,1,05,49,52
57,769,75,1,-6,2015,1,2,18,24,02
24,757,97,0,31,2009,7,6,22,02,16
44,624,4,0,23,2015,3,31,23,30,29
34,656,27,0,17,2011,4,1,11,43,29
60,763,43,0,-15,2001,1,16,13,55,36
46,728,90,0,33,2005,8,7,20,19,35
35,766,86,1,0,2001,6,22,11,24,39
25,794,77,0,0,2001,4,25,14,54,50
25,792,0,0,-8,2020,5,17,08,14,03
79,730,88,1,4,2008,11,24,04,12,27
23,651,66,0,29,2008,7,12,18,45,06
20,650,89,1,3,2009,7,17,09,27,33
72,635,96,1,-8,2000,9,12,12,50,16
59,654,17,0,-7,2000,12,31,02,19,47
75,708,95,1,-3,2003,11,9,23,14,15
42,795,61,0,14,2003,8,6,02,09,32
56,742,56,0,-8,2012,2,20,23,45,53
20,639,87,1,21,2012,5,30,21,22,36
65,666,87,0,-1,2011,1,8,16,17,07
24,675,82,1,9,2005,7,15,09,12,43
27,693,100,1,-14,2014,12,27,02,47,15
27,750,40,0,2,2007,6,17,09,29,28
71,696,91,1,-28,2017,12,4,19,07,32
49,678,83,1,-12,2004,12,17,02,30,44
73,779,77,1,5,2016,11,13,01,21,33
39,622,70,1,-15,2019,9,23,21,02,14
31,636,71,1,16,2023,5,8,05,35,31
42,655,81,1,-10,2002,12,21,03,11,20
23,789,72,1,6,2005,4,2,03,49,23
47,765,84,1,12,2014,8,14,14,10,18
41,632,29,0,12,2019,5,27,23,21,12
61,774,82,1,-9,2022,3,6,08,51,49
68,738,98,0,21,2016,5,27,03,46,10
33,776,89,1,13,2003,5,1,17,31,06
76,771,98,1,8,2000,4,3,04,36,08
30,698,27,0,-25,2010,1,2,14,46,49
37,647,5,0,25,2007,8,1,20,27,17
61,678,71,0,26,2002,8,29,00,17,39
74,723,3,0,33,2022,8,30,20,56,58
57,789,77,1,0,2013,10,14,02,47,23
22,697,50,0,1,2021,1,22,12,52,47
51,675,93,0,-13,2008,9,20,17,46,10
48,741,95,0,12,2003,8,4,00,25,03
37,720,85,1,18,2023,6,11,12,34,09
78,722,71,1,-6,2010,9,5,02,34,41
76,655,91,1,12,2014,4,8,08,58,18
69,716,28,0,14,2014,4,15,08,38,43
44,784,96,1,13,2019,7,17,23,42,41
33,737,92,1,7,2004,1,18,07,49,36
35,717,37,0,-7,2010,2,13,22,00,24
70,795,84,1,4,2022,10,21,15,20,40
30,699,85,1,5,2013,10,25,18,09,13
47,665,71,1,-11,2010,11,14,18,14,22
68,704,84,1,23,2005,5,29,23,13,57
44,719,75,1,14,2005,6,21,06,37,19
66,712,79,1,-4,2000,3,13,07,37,37
57,713,84,0,-18,2021,2,25,11,38,47
79,670,72,1,-5,2014,12,2,10,18,36
44,661,93,1,-20,2019,1,23,15,24,10
65,785,85,1,-18,2015,9,13,14,06,21
56,679,24,0,3,2012,2,11,02,40,22
78,784,12,0,8,2012,5,30,11,42,47
48,723,86,1,34,2008,7,10,08,01,20
74,779,97,1,12,2007,7,5,04,22,39
60,695,13,0,-11,2006,2,27,07,59,46
23,785,52,0,-22,2021,1,4,14,53,52
76,674,98,1,-2,2019,3,18,07,46,15
20,631,86,0,33,2021,7,26,16,07,15
62,766,87,0,-7,2006,5,1,08,57,02
69,659,75,1,29,2002,7,6,06,45,55
53,722,78,1,34,2009,7,5,13,34,56
24,675,84,1,-4,2022,5,2,20,17,17
26,783,37,0,-27,2018,2,17,20,58,41
67,667,100,0,22,2008,7,22,22,52,15
76,792,67,0,4,2005,11,8,11,11,30
58,688,75,1,26,2022,8,31,05,50,55
43,665,84,1,37,2016,6,18,03,22,51
65,763,76,1,15,2016,7,22,06,08,16
28,700,22,0,-9,2004,11,1,19,28,05
53,632,85,1,-15,2016,9,10,06,22,45
40,629,68,0,14,2021,3,10,07,09,58
26,754,92,1,-4,2008,11,29,07,40,15
62,764,27,0,-29,2014,1,13,03,06,41
76,741,73,1,-6,2003,5,1,03,11,43
35,718,63,0,2,2006,8,16,00,24,53
71,712,94,1,-7,2020,4,2,18,27,12
34,727,40,0,17,2001,4,14,07,59,05
61,757,88,1,-23,2015,12,28,21,29,16
47,771,74,1,-7,2015,10,16,00,59,33
22,735,41,0,34,2019,7,20,21,55,33
26,659,22,0,2,2021,1,26,11,33,55
65,719,94,1,7,2017,9,10,20,53,19
30,746,77,0,4,2017,4,19,13,15,44
38,747,75,1,-11,2018,11,29,20,46,32
58,660,83,1,21,2019,7,4,13,44,45
68,745,78,0,7,2010,11,15,00,37,52
34,629,80,1,9,2015,6,29,11,38,25
35,638,17,0,-2,2007,10,18,16,20,05
45,628,76,1,-24,2000,2,28,17,25,52
68,797,82,1,13,2011,3,14,05,40,20
54,737,95,1,-16,2004,10,16,01,58,04
45,725,71,1,-1,2003,11,26,04,10,43
21,648,78,0,-3,2012,10,23,19,45,41
33,721,73,1,29,2000,7,8,23,43,48
44,677,44,0,-9,2023,5,14,10,06,08
51,712,98,1,5,2003,8,29,01,11,47
77,751,18,0,21,2017,5,3,02,47,32
41,715,30,0,-3,2020,10,16,00,11,11
33,791,42,0,-21,2011,1,27,08,31,55
48,643,97,1,-4,2010,11,11,01,01,29
33,753,99,1,4,2012,8,7,10,41,03
79,643,71,1,8,2020,7,5,05,01,36
63,711,90,0,-6,2015,2,17,14,01,00
49,735,86,1,-5,2003,10,9,02,14,04
76,723,90,0,23,2020,6,18,07,09,09
74,691,46,0,1,2010,1,18,13,47,11
26,792,86,1,4,2009,1,13,17,25,37
59,723,80,0,-12,2002,12,23,10,02,57
59,672,85,1,3,2017,2,17,14,39,34
39,711,4,0,-13,2009,10,7,13,29,59
79,650,84,0,26,2012,8,10,22,21,03
30,756,78,1,-1,2017,5,1,23,19,46
64,697,96,1,5,2000,5,8,11,43,57
79,688,73,1,18,2001,5,18,23,43,05
33,644,80,0,-15,2014,11,12,17,48,34
22,634,81,1,4,2002,4,1,21,30,40
76,726,100,1,6,2019,10,10,15,17,17
31,633,85,0,-3,2012,9,28,09,47,40
26,795,81,0,24,2010,5,15,01,44,34
31,733,70,0,-4,2016,10,14,11,48,50
68,632,85,1,-2,2022,1,23,10,13,16
53,782,87,1,-4,2008,5,7,22,10,13
42,701,51,0,3,2022,12,7,08,23,32
58,629,81,1,-20,2007,10,4,06,11,36
63,758,90,1,14,2003,7,29,05,44,12
29,788,14,0,11,2000,8,30,19,33,49
53,703,11,0,-20,2012,1,22,22,39,46
25,648,25,0,-1,2010,2,19,02,23,57
29,779,12,0,-14,2017,11,5,10,00,22
34,791,70,1,22,2002,3,21,14,43,11
27,621,82,1,37,2018,8,14,22,18,34
31,620,70,1,28,2022,6,3,04,13,30
49,773,82,1,-16,2019,2,7,20,40,48
29,770,13,0,-14,2012,9,18,02,41,49
65,713,71,1,-13,2020,1,19,23,04,46
23,670,88,1,7,2018,1,30,08,46,03
75,761,98,1,-8,2011,12,22,13,44,11
45,700,98,1,5,2019,12,27,01,53,48
28,696,52,0,24,2018,4,15,02,41,34
63,636,41,0,0,2013,10,18,00,03,07
60,790,42,0,6,2013,2,7,18,34,07
80,718,91,1,20,2001,4,7,22,49,04
31,777,79,1,25,2010,7,15,07,59,42
72,757,4,0,-14,2018,2,3,00,37,50
45,680,65,0,16,2020,7,29,14,43,35
69,723,85,0,18,2015,3,24,17,13,29
36,716,1,0,35,2006,7,28,15,03,52
71,724,96,1,-13,2021,12,19,21,14,13
64,798,40,0,9,2011,6,26,16,35,35
66,797,94,1,17,2012,6,3,02,07,28
64,783,95,1,-14,2001,10,31,11,40,44
64,652,74,0,19,2021,5,31,22,58,00
74,686,25,0,-20,2010,11,29,07,32,38
37,783,30,0,-8,2022,11,25,00,33,56
47,800,8,0,6,2022,5,26,00,27,40
66,747,13,0,-4,2019,5,11,10,40,57
66,789,92,1,11,2008,7,14,09,41,55
75,683,85,1,-6,2013,2,21,18,52,54
75,630,29,0,-4,2001,5,1,16,56,07
44,627,46,0,2,2021,7,26,03,57,48
27,662,96,1,8,2016,10,13,22,50,39
34,780,91,1,13,2018,7,28,10,05,33
45,686,82,1,-20,2001,9,12,10,09,42
52,736,78,1,16,2005,8,22,19,39,20
72,633,27,0,26,2004,6,11,01,41,00
56,720,63,0,9,2011,8,22,19,49,56
60,620,88,1,19,2006,8,22,22,03,14
32,666,72,0,-1,2004,10,30,02,15,59
32,774,72,1,-1,2008,5,18,21,03,11
25,785,15,0,-10,2009,2,2,17,24,34
65,668,100,1,-3,2021,2,28,02,49,11
45,643,81,1,-4,2017,2,25,19,39,22
60,779,70,1,22,2017,5,2,08,41,22
33,678,77,0,-15,2006,2,7,17,51,34
49,781,92,1,-25,2002,12,28,06,45,11
71,628,31,0,6,2005,8,3,07,40,22
65,680,72,0,-28,2022,2,10,23,15,01
51,757,83,1,-17,2003,9,18,00,45,03
25,655,22,0,-16,2008,12,1,21,40,50
36,757,93,1,8,2015,10,25,03,19,11
59,689,63,0,2,2008,10,17,10,48,46
34,763,96,1,14,2021,4,29,02,34,58
62,708,85,1,1,2014,2,25,13,20,29
62,647,50,0,2,2018,11,2,11,15,39
60,631,44,0,-19,2019,9,26,07,25,28
64,751,68,0,-5,2015,4,28,15,26,14
26,723,15,0,-2,2019,1,12,10,16,40
76,679,14,0,-7,2014,10,20,21,51,20
34,784,84,1,-5,2003,10,31,17,22,14
57,680,82,1,3,2006,9,3,04,29,30
29,676,91,0,-1,2002,3,13,15,45,02
68,626,89,1,36,2000,6,27,08,59,32
78,775,29,0,20,2010,3,16,13,22,58
44,620,84,1,3,2006,9,24,16,40,22
28,699,75,1,-26,2021,2,26,15,51,53
69,700,34,0,-3,2008,2,6,13,59,38
70,671,94,1,-24,2006,2,9,11,58,42
70,646,82,0,1,2010,4,20,14,40,04
53,637,88,1,16,2010,3,14,23,06,41
26,789,95,1,4,2008,5,4,11,05,44
41,784,80,1,5,2007,11,30,03,54,39
56,762,2,0,15,2017,8,17,06,45,09
68,715,91,0,38,2004,6,6,08,28,23
52,796,85,1,3,2001,2,23,01,14,58
65,695,73,0,40,2005,8,30,05,30,37
64,712,66,0,-12,2019,11,6,11,02,57
74,760,21,0,10,2002,1,19,04,02,19
44,707,100,1,-5,2000,12,30,22,19,56
48,796,62,0,-25,2023,1,10,22,57,54
70,663,12,0,0,2001,2,2,15,44,37
78,713,79,0,-5,2013,1,5,03,24,59
59,796,54,0,-9,2015,10,25,00,40,41
75,768,73,1,26,2021,8,31,02,34,15
22,632,71,0,-10,2022,9,6,15,14,48
54,653,73,0,-17,2001,2,18,12,11,03
79,782,94,1,-26,2003,1,25,05,37,54
63,699,45,0,13,2019,4,21,12,31,02
61,700,80,1,-14,2014,10,22,18,10,33
37,759,98,0,12,2012,6,20,13,37,17
39,741,87,1,3,2009,1,21,18,38,38
50,756,74,0,1,2012,8,16,05,48,30
71,700,85,1,-20,2008,10,13,10,20,50
75,641,17,0,17,2023,4,15,05,36,31
27,736,93,1,-4,2003,2,28,22,09,08
44,744,96,1,-28,2011,1,28,19,28,47
61,701,35,0,4,2001,9,14,18,45,48
33,727,22,0,20,2019,8,9,09,33,05
31,680,20,0,10,2005,11,30,20,05,23
59,774,85,1,14,2018,3,6,01,12,05
46,636,30,0,9,2000,9,20,22,19,33
62,743,63,0,8,2020,11,19,18,53,40
70,679,75,1,5,2015,4,2,23,13,20
22,651,43,0,9,2007,9,11,15,31,23
33,679,24,0,-14,2018,11,5,18,11,49
66,693,56,0,5,2017,12,24,15,41,55
31,787,94,0,31,2001,6,6,03,54,21
20,631,73,1,-1,2019,3,5,21,46,50
37,707,14,0,-12,2014,10,30,19,28,08
76,731,72,0,8,2001,8,17,03,09,03
35,621,96,1,-7,2005,5,24,15,02,20
69,771,89,1,7,2014,1,11,22,04,48
21,643,10,0,-21,2017,1,16,04,05,30
24,738,88,1,-22,2001,2,2,04,42,54
33,626,96,1,17,2005,3,19,04,42,02
53,731,6,0,-5,2013,11,3,19,42,43
69,688,92,1,-7,2009,2,18,04,18,55
37,766,15,0,1,2002,10,3,00,43,26
41,726,76,1,21,2015,7,5,04,26,22
24,717,98,1,-29,2008,1,18,18,41,32
31,731,29,0,-12,2005,9,6,08,33,11
73,663,99,1,-7,2011,3,24,11,54,46
70,728,100,1,34,2007,7,19,16,47,11
50,755,73,1,-2,2021,9,29,08,03,39
23,777,73,1,6,2008,6,20,07,21,59
73,782,90,1,8,2017,4,12,11,06,01
46,715,33,0,2,2016,3,12,14,14,15
67,701,76,1,-1,2020,9,17,04,59,46
45,660,7,0,16,2005,8,29,08,58,37
46,665,99,1,1,2009,5,2,00,23,17
60,790,90,1,8,2020,8,30,07,23,51
80,626,81,1,1,2014,7,5,22,55,07
21,796,92,1,-9,2007,12,9,20,28,14
69,741,88,1,-7,2018,9,10,07,23,55
64,713,14,0,23,2002,4,20,22,21,46
38,648,66,0,4,2014,1,5,11,15,00
49,658,77,1,20,2005,7,19,17,03,00
46,752,87,1,23,2018,4,13,18,52,38
34,620,83,1,-29,2011,12,30,21,07,44
36,793,91,1,30,2004,8,26,00,47,20
35,703,94,1,1,2019,4,9,21,54,03
34,729,78,1,-29,2011,1,23,22,00,51
28,719,91,1,22,2019,3,15,20,06,19
79,620,87,1,-2,2011,11,15,20,04,09
46,718,78,1,2,2015,2,7,02,07,53
49,660,80,0,20,2020,8,8,17,47,22
55,690,46,0,0,2020,10,16,17,10,25
75,740,16,0,-2,2016,3,21,06,24,14
73,794,74,1,27,2006,7,27,10,47,51
24,664,75,1,-11,2021,10,15,07,45,21
24,653,45,0,-17,2002,10,26,11,15,02
30,684,83,1,-2,2003,9,19,13,23,51
57,748,61,0,6,2014,7,26,07,02,01
61,798,75,1,35,2014,8,2,18,54,10
39,730,89,1,12,2003,5,5,08,39,20
55,704,99,1,-7,2011,9,21,07,17,52
25,745,18,0,4,2000,2,7,20,58,31
76,666,77,1,8,2022,6,7,10,12,49
51,684,70,1,7,2016,2,1,15,06,58
64,791,73,1,1,2001,10,9,11,11,24
26,735,74,1,-8,2014,1,14,17,32,55
79,725,74,1,17,2022,8,29,06,30,50
64,734,94,1,2,2001,11,27,14,06,33
57,767,37,0,33,2019,8,3,02,27,25
32,621,74,0,6,2007,1,25,22,40,04
21,707,58,0,-1,2015,1,31,01,02,39
29,650,73,1,25,2022,6,14,06,57,30
35,745,70,1,15,2001,3,2,06,36,37
26,631,65,0,22,2023,6,9,08,54,35
70,643,83,1,-10,2012,5,30,02,02,52
27,786,76,1,25,2011,7,21,21,03,54
28,796,65,0,-1,2018,9,16,23,57,45
64,684,84,0,37,2002,7,8,18,31,34
35,719,48,0,31,2010,7,2,10,08,34
52,679,6,0,13,2020,4,26,07,29,07
42,669,98,1,-10,2017,10,8,21,14,21
33,751,93,1,-16,2014,12,16,14,57,45
61,733,77,1,12,2011,3,25,08,51,52
53,672,95,1,-15,2001,9,28,00,05,10
60,764,82,0,6,2017,10,30,18,52,13
49,702,75,1,22,2012,8,28,04,53,31
73,783,83,0,2,2014,9,4,13,15,15
67,770,45,0,-3,2012,9,22,19,24,52
60,739,29,0,-7,2003,5,20,12,17,25
69,732,73,1,4,2007,9,14,23,21,55
32,769,79,1,12,2013,8,14,14,07,35
66,691,26,0,8,2018,9,20,11,00,39
36,696,59,0,23,2006,5,14,08,34,23
54,667,23,0,26,2006,8,16,05,21,44
41,667,60,0,-7,2004,10,7,05,04,43
77,620,72,1,2,2009,7,23,04,05,52
32,789,85,1,18,2000,5,25,09,09,36
45,712,72,0,24,2011,8,30,17,13,27
48,755,82,1,7,2014,2,21,14,22,32
60,713,93,1,18,2022,8,13,17,04,11
76,684,78,1,-6,2009,1,27,03,36,23
34,751,76,0,-9,2014,3,21,22,35,01
54,691,73,1,-4,2003,10,14,04,28,47
76,758,78,0,14,2002,8,11,08,50,30
44,624,78,1,-1,2013,11,20,16,46,20
29,685,91,0,6,2002,7,20,05,02,36
55,675,28,0,-17,2013,2,18,05,40,22
69,657,97,1,32,2019,8,7,09,59,44
41,661,24,0,25,2008,5,22,08,37,18
22,741,88,1,-29,2019,12,31,13,38,13
57,766,65,0,15,2017,5,11,23,52,26
42,622,23,0,7,2002,3,12,16,36,55
76,681,42,0,3,2017,2,27,17,38,58
